title,language
Government ne Eklezia bakuziimba ekkadiyizo ly’ebikwata ku Kalidinaali Emmanuel Wamala – President Museveni yagenda okubeera omuyima waalyo,Luganda
Abaali abakozi b’ekitongole ki Uganda Posta and Telecommunications Corporation ekyasattululwa mu 1997 –  bakyabanja government,Luganda
Okujjukira Rev. Eliasaph Sserwadda – president Museveni asabye bannaddiini bakulemberemu kawefube w’okwagazisa abantu enteekateeka za government ez’okubaggya mu bwavu,Luganda
Minister wa Kampala ayisizza nsalesale wa wiiki 2 – abatembeeyi bonna abakolera ku nguudo za Kampala bazaamuke,Luganda
Parliament eye 11 egenda kuddamu okutuula okukubaganya ebirowoozo ku nnambika y’embalirira y’eggwanga eya 2026/2027,Luganda
Kooti eyongezzaayo omusango gw’abasuubuzi abaali bakolera mu ppaaka esaangibwa mu Kitooro Ntebbe – balumiriza abakulira municipality obutabafaako,Luganda
Boodi ya Mengo Chamber of Commerce Ltd etongozeddwa – okwongera okusitula eby’obusuubuzi mu Buganda,Luganda
Government ya Uganda egumizza bannauganda nti siyakuggyako mayengo ga internet mu kulonda kwa 2026,Luganda
Uganda ng’ekolagana ne Saudi Arabia zigenda kuzimba ekkolero e Luweero eryongera omutindo ku mmwanyi  – lyakuwemmenta obuwumbi bwa shs obusoba mu 574,Luganda
Government etaddewo obukwakkulizo ku bayingiza mu Uganda ebyuma by’empuliziganya ebya kampuni ya StarLink – ababireeta balina okufuna olukusa okuva eri amagye g’eggwanga,Luganda
Government ya Uganda ekoze enteekateeka yakukuηaanya omusolo gwa Trillion 40,Luganda
Bannauganda abakolera mu Nyakuron Market mu SouthSudan bali mu maziga olw’emmaali yabwe eyasirikkidde mu muliro,Luganda
Omuliro gukutte ekitundu ku katale k’e Nakasero,Luganda
Abadde yeyita ssenkulu wa Statehouse investors’ protection Unit akwatiddwa – kigambibwa nti abadde abbye ku bantu ensimbi ezisoba mu buwumbi bwa shs 3,Luganda
Government ya Uganda eyagala bamusigansimbi abava mu kyondo kya Buwalabu – okuleeta amakolero mu Uganda agagatta omutindo ku bintu ebiva mu Uganda,Luganda
"Government ya Uganda eyagala abakozi 6,858 etandise okuwandiisa abagyetaaga",Luganda
Okulwanyisa kalusu okwetoloola Uganda – district ye Ssembabule efunye ddoozi emitwalo 16,Luganda
President Museveni wakukwasizaako abasuubuzi abaakosebwa amataba mu Kampala  sso ssikubaliyirira – Ssaabaminisita Nabbanja abataangaazizza,Luganda
Abasuubuzi abaakosebwa amataba mu Kampala bakalambidde bagala KCCA ebaliyirire – abalala baddukidde mu kooti bagala eyimirize Hammis Kiggundu okuziimba ku mwala gwe Nakivubo,Luganda
Abaana 4 bafiiridde mu nkuba etonnye mu Kampala – emmaali y’abasuubuzi nayo eyonooneddwa,Luganda
President Museveni alonze Lino Anguzu okufuuka Ssaabawaabi w’emisango gya government omuggya,Luganda
"Government ya Uganda esabye embalirira y’ennyongereza z’ensimbi okukola enguudo – kuliko oluva e Kisubi okudda e Nakawuka, Nateete okudda e Maya",Luganda
Nabbambula w’omuliro asaanyizzaawo emmaali y’abasuubuzi ku mwalo gwe Kigungu,Luganda
Government erabudde ebitongole by’obwannanyini ebiremereddwa okugoberera ennambika y’enkulaakana y’omulundi ogwokuna – siyakuddamu kukola nabyo ndagaano yonna,Luganda
Government ya Uganda efulumizza ensimbi shs Trillion 18 n’obuwumbi 403 – okutambuza emirimu mu bitongole byayo mu ttundutundu eryokubiri ery’embalirira y’eggwanga 2025/2026,Luganda
Amasasi ag’okumukumu gavuze e Kaliisizo – abasirikale abalwanyisa amagendo bwebabadde bakwata agambibwa okukusa engoye n’ebizigo,Luganda
Ababalirizi b’ebitabo balabuddwa okukola emirimu gyabwe mu bwerufu baleme kufiiriza ggwanga,Luganda
Abalimi e Bukomansimbi bawaanjagidde government okwongera amaanyi mu nkola y’okuyambako abalimi mu by’okufukirira ebirime okuyita mu nkola ya Micro Scale Irrigation,Luganda
Omwoleso gwa CBS Pewosa gujjumbiddwa aboolesi n’abalambuzi,Luganda
Katikkiro Mayiga mu butongole agguddewo omwoleso gwa CBS Pewosa e Masaka,Luganda
Omwoleso gwa CBS Pewosa ogw’e Masaka ogwa 2025 gutandise ku ssaza e Masaka,Luganda
Abakozi ba bank mu Uganda bagenda kumala ennaku 30 nga batambuza bigere okulwanyisa endwadde,Luganda
President Museveni alabudde Abachina abalimira omuceere mu ntobazi za Uganda okuguvaako batandike okulima ogwoku lukalu – abadde aggulawo ekkolero ly’emmere y’ebyennyanja e Buikwe,Luganda
Uganda Airlines efunye Bboodi empya eweereddwa ekisanja kya myaka 3,Luganda
Omwoleso gwa CBS PEWOSA  e Masaka gwengedde – NARO ebangudde abakyala okwongera omutindo ku byebakola,Luganda
Amaduuka agawerako gaggaddwa mu Kampala – waliwo abasuubuzi ababadde bakunga abalala okwekalakaasa bakwatiddwa,Luganda
Abantu 8 bakwatiddwa ku bigambibwa nti baanyaga eyaliko omubaka wa parliament ya Nigeria ensimbi nga bamusuubizza okumuguza Zzaabu,Luganda
Omubaka wa Bungereza mu Uganda Lisa Chesney asisinkanye akakiiko akakola ku bamusigansimbi – okutema empenda z’okusitula obusuubuzi mu Uganda,Luganda
Police ekutte 3 abagambibwa okwekobaana nebabba amakolero,Luganda
Government ereeta tteeka ku bakola mu bank – 385 batikkiddwa mu buweereza bwa bank obwenjawulo,Luganda
Bank of Uganda ne ministry y’ebyensimbi zizizza buggya endagaano y’okukolera awamu emirimu gya government – mulimu n’okusasula ababanja,Luganda
MTN ebangudde abawala abasoba mu mutwalo mu mirimu gy’okukanika nga bakozesa technology ow’omulembe,Luganda
President Museveni amalirizza okulambula Kampala naasuubiza okwongeramu ensimbi eziweebwa buli muluka – eby’okuba ng’abasuubuzi basasula omusolo mungi abiwakanyizza,Luganda
Government ya Uganda efulumizza trillion 17 okuddukanya emirimu gyayo mu kitundu ekisooka  eky’omwaka gw’ensimbi 2025/2026,Luganda
President Museveni agguddewo mu butongole akatale k’e Busega – abaganyuddwa mu nkola ya PDM mu Kampala aboongedde ensimbi,Luganda
Government ekomyawo engassi y’okunguudo  eya Express Penalty System,Luganda
Abagoba ba Taxi e Bunnamwaya batabuse lwa byapa by’ettaka eryabasuubizibwa mu 2019 – tebabirabako,Luganda
President Museveni atadde omukono ku mateeka 9 ng’omwaka gw’ebyensimbi 2025/2026 gutandika – agakwata kukusolooza omusolo gegasingako obungi,Luganda
Ebbeeyi y’ensimbi esookerwako nga bweyimiridde – okuva mu bank of Uganda,Luganda
Ababbi bayingiridde Finca bank e Nakasongola – bakuuliise n’obukadde bwa shs 192 ne computer,Luganda
KCCA ekkiriziddwa okutunda ettaka ly’e Lugogo ne Kira road,Luganda
Abavubuka abalina byemuyiiyizza mubiwandiise mu miniatry ya Technology mufunemu – Col.Edith Nakalema,Luganda
Omwoleso gwa CBS Pewosa 2025 gutandise – gwakumala ennaku 6,Luganda
President Museveni alagidde ebitongole bya Government okussa essira kukunoonyeza eby’amaguzi bya Uganda obutale,Luganda
Government eyimirizzaamu enkola y’okukuba engassi ey’embagirawo eri abagoba b’ebidduka ku nguudo,Luganda
Engassi ku bamenya amateeka gokunguudo esuukkiridde obunene – akulira oludda oluvuganya government mu parliament awandiikidde ministry,Luganda
Abatuundira ebyamaguzi ku nguudo zomu Kampala balabuddwa – ekikwekweto essaawa yonna kijja,Luganda
Uganda eyongedde ku bungi bw’emmwanyi zeetunda ku katale k’ensi yonna – omwaka oguyise yatuunze emmwanyi eziweza Trillion 7,Luganda
Uganda ekoze endagaano ne Belgium okutumbula omulimu gw’eby’obulambuzi n’ebyemikono,Luganda
President Museveni alabudde abakozi ba government abeebakira ku mirimu – anokoddeyo ekitongole ky’amazzi n’amasannyalaze,Luganda
Busiro CBS Pewosa Sacco etuuzizza Ttabamiruka wa 2024 – Omumbejja Aisha Nakalema Kabejja alondeddwa nga ssentebe omuggya,Luganda
Ebbeeyi ya shilling nga bweyimiridde mu katale k’ensimbi,Luganda
Uganda Airlines mu butongole etandise eηηendo zaayo okuva ku kisaawe Entebbe okwolekwra London ekya Bungereza,Luganda
Kooti ensukkulumu egobye omusango gw’okujulira ku by’okutunda National Bank of Commerce,Luganda
UEDCL erangiridde ebituukiddwako mu nnaku 41 ezisoose ng’eweereza bannauganda okuva ku UMEME,Luganda
Government etongozza wiiki ya Science – Uganda eyongedde okusajjakula yakutongoza ekizungirizi ekyokubiri,Luganda
MTN ewaddeyo obuwumbi bwa shs obusoba mu 50 eri UCC okusitula omutindo gwa Internet mu byalo,Luganda
Owek.Noah Kiyimba asabye government ekendeeze ebisale bya internet n’amasannyalaze abavubuka basobole okuganyulwa,Luganda
Abakola mu bank bagala wassibwewo akakiiko akaluηamya  omulimu gwabwe – n’okwongera abakyala mu bifo ebisalawo ensonga ez’enkizo,Luganda
 Nnabbambula w’omuliro akutte Smart Mini Supermaket e Busega – emmaali etokomose,Luganda
Okukuza olunaku lw’abakozi 2025- President Museveni ayagala abakozi bonna bayingire enkola y’emyooga ne PDM,Luganda
"Emiwendo gy’ebbeeyi y’emmere gibadde waggulu mu April,2025 bw’ogeraageranya n’emyezi egyasooka – UBOS Report",Luganda
Government etaddewo enkola ey’okusooka okusomesa abakyala abagenda okuwolebwa ensimbi,Luganda
Omuliro gusanyizaawo ebibanda by’embaawo mu Ndeeba,Luganda
URA esuubira okukuηaanya omusolo ogusukka mu mutemwa ogwagigerekerwa mu 2024/2025,Luganda
Obwakabaka butongozza Ssemadduuka ezitunda eby’obulimi – zigenda kuteekebwa ku bitebe by’amasaza byonna,Luganda
Olutalo lw’ebyenfuna wakati wa China ne America lweyongedde – president Trump ayongezza omusolo ku byamaguzi ebiva e China gwa bitundu 125%,Luganda
President Museveni alangiridde olutalo ku bakukusa ensimbi,Luganda
Banna Buddu CBS PEWOSA batuuzizza Ttabamiruka ow’omulundi ogwo 6 – banjuliddwa ekiziimbe ekituumiddwa MEERU CBS PEWOSA,Luganda
Umeme mu butongole ewaddeyo obuvunaanyizibwa eri ekitongole kya UEDCL – ewakanyizza n’obuwumbi 432 government gwejisasudde,Luganda
Government eyagala kampuni ezitandikibwawo nga ziweza ensimbi obukadde 500 zisonyiyibwe emisolo gya income tax okumala emyaka 3 – eyagala n’ebbibiro lya Bujagaali lyongere okusonyiyibwa,Luganda
MTN ne Airtel basse omukago okugabana ebikozesebwa,Luganda
Ekibululu ky’amasanyalaze ekiri mu Uganda minister Nankabirwa agamba kivudde ku babbi ba waya – ayagala UMEME egende ng’ezzizaawo ebyabbiddwa,Luganda
Sente za Grow zitabudde ababaka ba parliament – Dr. Ruth Aisha Kasolo agamba nti y’abakyala bokka abalina kyebatandiseeko,Luganda
Sacco z’abavubuka ba Ghetto eziwera 12 buli emu yakaweebwa obukadde 100 okulwanyisa obumenyi bw’amateeka – Brig.Christopher Ddamulira,Luganda
Essuubi ly’Abakalamoja okumalawo ennyumba ez’essubi lyeyongedde – government ebongedde amabaati amalala,Luganda
Centenary bank esiibuludde abayisiraamu – Obwakabaka bugyebazizza olw’okukyusa obulamu bw’abantu,Luganda
Ramadhan etuuse – abaddu ba Allah beraliikirivu olw’abasuubuzi abalinnyisa ebbeeyi y’ebintu,Luganda
Endagaano z’okukola oluguudo lwa Kitemu – Kisozi- Naggalabi ziwedde okukolebwa,Luganda
Omuliro gusaanyizaawo akatale ke Kataawo mu district ye Bugiri,Luganda
"Government ya Uganda eyagala essimu ya sseereza esookerwako ebeere ng’etundibwa shs 40,000/=",Luganda
Government ya Uganda eyagala obuwumbi 696 esasule UMEME – yeddize omulimu gw’okuddukanya amasannyalaze!,Luganda
Professor Augustus Nuwagaba atongozza ekitabo kyatuumye  Transformative economics – awadde bannauganda amagezi okukomya okukulira ensimbi munju zabwe,Luganda
Emirimu 1905 gyegiriinze okuweebwa abakozi abaggya mu ministry y’ebyenguudo – enkizo yakuweebwa abaali mu UNRA ne Road Fund,Luganda
Parliment emalirizza okusunsula Gavana wa bank of Uganda omuggya n’omumyuka we,Luganda
President Museveni alonze Michael Ating – Ego nga governor wa bank of Uganda omuggya – Augustus Nuwagaba ye mumyuka,Luganda
Aba bodaboda batongozza omutimbagano ogwabwe,Luganda
Abakozi ba Bank of Uganda ne ministry y’ebyensimbi 9 bakwatiddwa – bakwewozaako ku by’obuwumbi obusoba mu 60 obwabulankanyizibwa,Luganda
Akatale k’ebbeeyi y’ensimbi nga bwekayimiridde – bank of Uganda,Luganda
Amazzi gazibye ettaawo lye Makandwa ku Entebbe Express way,Luganda
Government ya Uganda ebanja obuwumbi 143 zeyawola abavubuka n’abakyala – ababanjibwa tebalabikako,Luganda
Ab’emmundu banyaze amaduuka ga mobile money e Kanyanya,Luganda
Ssaabasumba Ssemogerere abakozi abasusse okubba kampuni zebakolera – ekiviiriddeko ezimu okugwa,Luganda
President Museveni atadde omukono ku bbago ly’etteeka ly’emmwanyi erya 2024- eriggyawo UCDA,Luganda
Government yakusasula amagoba ga trillion 7 omwaka ogujja – eri ebitongole bya Uganda ebizze bigiwola ensimbi,Luganda
Bbaasi za Posta Uganda ziddamu leero okusaabaza abantu – parliament ekyanoonyereza ku vvulugu eyetobese mu kitongole,Luganda
Akatale k’e Kajjansi kagguddwawo oluvannyuma lw’emyaka 2 nga kakutte omuliro,Luganda
Prof. Suruma awabudde government okukozesa ezimu ku nsimbi eziva mu mafuta okusitula embeera z’abakadde,Luganda
Akatale k’ensimbi nga bwekayimiridde,Luganda
Uganda efunye ekyuma ekikola eddagala ly’obulwadde bwa Kalusu – Misiri yeyamye okwongera okugikwasizaako,Luganda
Government etandise ku nteekateeka y’okuzimba akatale ka Kireka Main Market mu Kampala – abasuubuzi batandise okwewandiisa,Luganda
Bannauganda bongedde okutereka ensimbi z’obukadde n’ebitundu 18% mu 2024,Luganda
Akatale k’e Busega akapya nga bwekafaanana,Luganda
Ab’e Kalungu baweze okutunda Vanilla ku Sunday,Luganda
Sacco y’abasirikale ba Police etwaliddwa mu kooti – kigambibwa ewola ensimbi nga terina licence,Luganda
Government etaddewo obuwumbi bwa shs 10 okukola akatale k’e Kawuku,Luganda
Mmwanyi Terimba Ltd ekkiriziddwa okutandika okutunda emmwanyi e China,Luganda
Eby’obufuzi ebyetobese mu mulimu gw’obuvubi – by’ongedde okutabula abavubi b’Empuuta n’abavuba mukene e Ssese,Luganda
Government etaddewo nsalesale eri abasuubuzi bonna abayingiza eby’amaguzi mu ggwanga – babiseeko insurance y’okubisaabaliza ku mazzi,Luganda
Centenary bank ne Total Energies bongedde amaanyi mu lutalo lw’okutaasa obutonde bw’ensi – batongozza ebifo ebikyajinga emmotoka,Luganda
Emmwanyi ya Uganda ewangudde emidaali gya zzaabu 3 mu mpaka z’emmwanyi – AVPA Paris 2024,Luganda
Bannekolera gyange baddukidde mu parliament ku nkola ya digital stamps ebanyigiriza – amakolero agasoba mu 30 galemereddwa,Luganda
URA eyongedde okusuula emisanvu okufefetta abakukusa eby’amaguzi ku nsalo tebasasudde misolo,Luganda
Kampuni enkozi ya sukaali wa Lugazi ewezezza emyaka 100 mu Uganda,Luganda
Wakiso etandise okukulaakanya omwalo gwe Bugiri – ettaka lya district waliwo abaalyegabanya,Luganda
Bannauganda ebitundu 13% bebakozesa internet ku mirimu egy’enjawulo,Luganda
Ababadde babbye akabokisi ka sente e Nakaseke – police ebakutte kakyabalemye okusumulula,Luganda
Buganda yegasse ku nteekateeka y’okuwandiisa abalimi b’emmwanyi bonna mu Uganda okutaasa obutonde bw’ensi – abataawandiisibwe ezabwe sizaakutundibwa mu Bulaaya,Luganda
Omwoleso gwa CBS PEWOSA NSINDIKANJAKE ogw’obulimi n’obulunzi gutandise ku ssaza e Masaka,Luganda
UCDA yakutandika ku nteekateeka y’okuwandiisa abalimi b’emmwanyi bonna mu Uganda – zireme kugaanibwa ku katale k’amawanga ga Bulaaya,Luganda
MTN ne Uganda Airlines bawadde abantu 100 tiketi z’ennyonyi olw’okutambuliza ensimbi ku mitimbagano,Luganda
Bannauganda abetegefu okutandikawo amakolero government ebasuubizza okubagabira ettaka lya bwereere n’okubasalira ku misolo,Luganda
Government etongozza project ya Grow enterprises mwegenda okuyita okuwola abakyala ensimbi ku magoba ga bitundu10%,Luganda
Emmwanyi zongedde okuleebya eby’amaguzi ebireetera Uganda ensimbi,Luganda
UCAA efulumizza alipoota – ennyonyi eziyingira Uganda zeyongedde obungi n’ebitundu 10.3%,Luganda
UCDA eyimirizza abasuubula emmwanyi mu Busoga okumala ennaku 45 – omutindo gugudde,Luganda
Okuzimba eddoongosezo lya Kazambi mu Wakiso kutandika essaawa yonna – kwakumala emyezi 18,Luganda
Abasuubuzi mu Kampala bayimirizza akeddiimo kaabwe – Ssaabaminister Nabbanja aliko byabasuubizza,Luganda
Kyadondo CBS pewosa Sacco etuuzizza Ttabamiruka ow’omulundi ogwo 4,Luganda
Alex Kakooza alondeddwa ng’omuteesiteesi omukulu owa ministry y’ebyobusuubuzi – ekibaddemu Geraldine Ssali ali mu kkomera,Luganda
Bannamakolero basuubizza okukendeeza ku bitundu ebityoboola obutonde bw’ensi n’ebitundu 25% mu myaka 3 egijja,Luganda
"President Museveni alabudde abasaabaliza eby’amaguzi ebizito ku nguudo – badde ku mazzi, eggaali y’omukka ne mu bbanga",Luganda
Uganda Airlines etongozza engendo endala 3 – ku lukalu lwa Africa,Luganda
Kira municipality  enguudo 3 zezigenda okukolebwa – mu nteekateeka ya Greater Kampala Metropolitan,Luganda
UCDA eyagala obuwumbi bwa shs 35 okuwandiisa abalimi b’emmwanyi bonna mu Uganda,Luganda
Bank z’ebyobusuubuzi zisazeewo okwenyigira mu ntegeka y’okusima amafuta ga Uganda,Luganda
President Museven atonzeewo akakiiko ka State house akagenda okulondoola ensonga z’eby’omusolo,Luganda
MTN etongozza enkola y’okutambuza sente za business entonotono – Zimba business ne Momo,Luganda
President Museveni alabudde  ku nkozesa embi ey’emikutu gy’ebyempuliziganya – ababikulira mu nsi yonna basisinkanye mu Uganda okusala amagezi,Luganda
Uganda ekwata ekifo kya 8 ku mawanga agasinga okulima emmwanyi – enteekateeka y’emmwanyi terimba eyongera okuwa esuubi,Luganda
Uganda Airlines ekkiriziddwa okutuuka e Bungereza,Luganda
Eby’obusuubuzi bizzeemu okutiinta ku mwalo gwa Seaport mu Somalia – amagye ga ATIMIS geggyeko obuvunaanyizibwa bwagwo,Luganda
Embalirira y’eggwanga 2024/2025 esomeddwa – ebyenfuna byakweyongera okukula okutuuka ku bitundu 7%,Luganda
President alagidde abawola ensimbi ku magoba agali waggulu banoonyerezebweko,Luganda
Omuwendo gw’abantu abafuluma n’abayingira mu Uganda nga bayita ku kisaawe ky’ennyonyi ENtebbe guwa essuubi,Luganda
Abavuba Mukene ensonga zabwe bazitutte wa President Museven – tebakyalina mirimu,Luganda
CBS Busiro Pewosa etuuzizza Ttabamiruka 2023 – abegassi bakubiriziddwa obutava mu biruubirirwa,Luganda
URA ettukizza kawefube w’okusomesa abasuubuzi enkola ya EFRIS – ewandiikidde parliament ekendeeze engassi eyagiteekebwako,Luganda
Bank of Uganda erabudde abakozi ba Mobile money abakyagayaala okusaba endagamuntu,Luganda
Bannamakolero nabo bavuddeyo ku nkola z’okusolooza omusolo zebagala URA ekyuse nti zibanyigiriza,Luganda
"President Museven alagidde abasuubuzi bonna baddemu okumusisinkana nga 20 June,2024 – alagidde enkola ya EFRIS egende mu maaso bakyuse nkola",Luganda
Emirimu gya kimpoowooze abasuubuzi amaduuka bagaggadde mu kibuga Kampala – bagenda kusisinkana president Museven ku ky’emisolo,Luganda
Buganda ewabudde government ku Musolo némpooza yaagwo,Luganda
Parliament ya Uganda eyisizza ennoongosereza mu tteeka ly’emisolo – ebintu kampuni byeziwa abakozi baazo okubazaamu amaanyi n’okubasiima bissiddwako omusolo gwa VAT,Luganda
NARO eyongedde okukola emikago egigenderera okutumbula technoloy mu bulimi n’obulunzi – Obukama bwa Rwenzururu bwegasse ku ntegeka eno,Luganda
Government y Denmark etaddewo obuwumbi bwa shs 66 okusitula eby’obulimi n’okutaasa obutonde bw’ensi mu Uganda,Luganda
Ensonga z’akediimo k’abasuubuzi zijulidde wa president Museven – ba minister balemereddwa okukkaanya n’abasuubuzi,Luganda
Emmaali y’abasuubuzi esaanyeewo mu katale ka Nile Open Space e Njeru,Luganda
Abasuubuzi bagaanye okuggulawo amadduuka okutuusa nga basisinkanye president Museven,Luganda
Abasuubuzi basisinkanye minister w’ebyensimbi nebakkiriziganya okuggulawo amaduuka – engassi ebadde essibwa ku basuubuzi abatakozesa nkola ya EFRIS eyimiriziddwa,Luganda
Ttabamiruka wa CBS PEWOSA Nsindikanjake Eyeteerekera Sacco Ltd owa 2023 atuuziddwa – n’okulabula abatasasula mabanja mu budde,Luganda
State House Investors’ Protection Unit eyingidde mu nsonga za bamusiga nsimbi abenyigira mu butembeeyi,Luganda
Omwoleso gwa CBS Pewosa Nsindikanjake 2024 gukomekkerezeddwa – minister Musenero asiimye obuyiiya obwoleseddwa,Luganda
Government ereese omusolo gwa bitundu 5% ku ttaka eritundibwa mu bibuga – eggyewo VAT ku bikozesebwa mu bulimi n’emmotoka ezitambulira ku masannyalaze,Luganda
Katikkiro Mayiga alambudde Omwoleso gwa CBS PEWOSA Nsindikanjake – akubirizza abantu bagulambule bamanye omutindo bannauganda gwebatuseeko mu nkola y’ebintu,Luganda
Kampuni 7 government ezitutte mu parliament eyagala zisonyiyiwe emisolo,Luganda
Omwoleso gwa CBS Pewosa Nsindikanjake 2024 guguddwawo mu Lubiri e Mengo,Luganda
Ababbi b’emmwanyi e Bukomansimbi bongedde okuteeka abalimi ku bunkenke – bannyinizo n’ababbi banoga nto mu ngeri y’okuzeesooka,Luganda
Ebizimbe by’obusuubuzi byonna bissibwe mu insurance n’ensimbi eziriyirira abafunye obubenje zongezebwe – Thomas Tayebwa,Luganda
John Musinguzi aweereddwa ekisanja ekirala nga ssenkulu wa URA,Luganda
Enteekateeka z’omwoleso gwa CBS Pewosa Nsindikanjake 2024 – abamu ku bavujjirizi abakulu basisinkanye,Luganda
Obukadde bwa Euro 40 bwebuteekeddwawo bank z’eby’obusuubuzi okubunyisa Internet mu Uganda – emirongooti 506 gyegigenda okuzimbibwa,Luganda
MTN Uganda eyongedde okulinnyisa omusolo gw’esasula eri eggwanga – bannauganda abakozesa data n’abaweereza sente ku ssimu beyongedde,Luganda
NSSF yeyongedde okukula – kati ebalirirwamu ensimbi Trillion 20,Luganda
Ekizinga kye Bussi kifunye amasannyalaze  agasoose mu kitundu,Luganda
Obutakaanya wakati w’abavuba Mukene n’abavuba empuuta bweyongedde – government ebalabudde ku bitimba ebikozesebwa,Luganda
Abalimi b’amayirungi tebamanyi kiddako ku misiri gyabwe gyebaalima – ng’etteeka erigawera terinayisibwa,Luganda
Abatunda ente ezitali ngemese kirwadde kya kalusu bakusibwa emyaka 7,Luganda
Abasiga nsimbi balabuddwa ku ky’okulemesa abakozi ba government okumanya amakolero gabwe byegakola,Luganda
Government yeremye ku by’okukendeeza omusolo gw’ennuuni,Luganda
Omusolo gwa trillion 13.301 gwegwakungaanyiziddwa mu myezi 6 – PS Ramathan Goobi,Luganda
Kampuni za government zesaamu ensimbi tezizza magoba – alipoota,Luganda
KACITA esiimye CBS FM,Luganda
Minister alabudde ba money lender – licence zabwe zakubagyibwako,Luganda
Obutale bw’ebisolo buggaddwawo e Lyantonde – obulwadde bwa kalusu buzeemu,Luganda
Olukungaana lwa AFRAA luguddwawo mu Uganda – abakyala basiddwa ku mwanjo okwenyigira mirimu gy’ennyonyi,Luganda
Ebbago ly’etteeka ly’okuleeta amafuta mu Uganda litwalibwa mu parliament – ababaka ababadde balinoonyerezaako tebakaanyizza ku alipoota,Luganda
Abakugu bannyonyodde ekiviiriddeko Enseenene okulwawo okugwa mu 2023,Luganda
Government egumizza abasuubuzi ku bya America okugoba Uganda mu katale ka AGOA,Luganda
Government ya Uganda yakutandika okusuubula amafuta mu 2024,Luganda
Ebbeeyi y’ensimbi nga bwerambikiddwa bank of Uganda,Luganda
Bannekolera gyange abatereka mu NSSF bajjumbidde – batuuse mu mitwalo ebiri,Luganda
Uganda eteekateeka kutandika kukola Drone,Luganda
Sente eziyita ku mobile money zituuse mu trillion 191,Luganda
Ebitongole bya Buganda byongedde okugula emigabo mu kampuni ya Airtel,Luganda
Abanyaga ba musigansimbi mulimu abakungu ba government – Col.Edith Nakalema,Luganda
Abakulembeze ba Buganda basomeseddwa ku bikwata kukusiga ensimbi mu migabo,Luganda
Omwoleso gwa bannamakolero 2023 gutandise – gwesigamye ku bya mirimu n’omutindo gw’ebikolebwa,Luganda
Ba musigansimbi ba Bannauganda bebamwoyo gw’eggwanga abasooka – Col.Edith Nakalema,Luganda
Government ekkiriza kampuni ya Bidco okusimba ebinazi mu Sango Bay,Luganda
UCDA eggaddewo ebyuma by’emmwanyi e Kayunga – abasuubuzi balaajanye,Luganda
"URA etaangaazizza ku nnyumba z’abapangisa ez’okusasulira omusolo – ezitaweza mitwalo 240,000/= sizaakusasula",Luganda
Buganda eguze emigabo mu Airtel Uganda,Luganda
NSSF egabye amagoba ga bitundu 10% ag’omwaka 2022/2023,Luganda
CBS PEWOSA TOTO atongozeddwa mu Buddu,Luganda
Omwoleso gwa CBS Pewosa Nsindikanjake gutandise e Masaka – essira liteekeddwa kundabirira y’ebitooke,Luganda
Salaam bank yesoose okuwebwa satifikeeti okutandika enkola ya Islamic banking mu Uganda,Luganda
Ebbeeyi y’amafuta agalinnye mu Uganda – eteekeddwa ku lukalala lw’ebigenda okuteesebwako mu lukiiko lwaba minister,Luganda
UNBS mukendeeze obukambwe ku business z’abantu – Dr.Muvawala,Luganda
Ebbeeyi y’amafuta eyongedde okulinnya mu Uganda – ministry egamba nti ekizibu kiri ku katale k’ensi yonna,Luganda
Kampuni ezikola sukaali zekubidde enduulu mu parliament ku ngeri government gyegabamu licence eri amakolero amapya,Luganda
Abasuubuzi abaali bakolera mu Makerere University bajulidde mu musango gw’okugobwa,Luganda
President Museven atadde emikono ku mateeka agalungamya enkola y’okuwola ensimbi ezitaliiko magoba – Islamic Banking,Luganda
G- 25 Africa Coffee summit –  abakulembeze b’amawanga ga Africa batudde mu Kampala okusalawo ku nsonga z’okulima emmwanyi,Luganda
Abakulembeze ba Africa begasse wamu ku nsonga y’okusitula omutindo gw’emmwanyi – bagenda kutuula mu Uganda,Luganda
Airtel atongozza Internet ya 5G – ng’ekijjukizo ky’amatikkira ga Kabaka aga 30,Luganda
Akatale k’ensimbi kakyali kaggumiz,Luganda
Abaawaayo ettaka okulimirako ebinazi e Buvuma bafunye essuubi oluvannyuma lw’emyaka 15,Luganda
Kyadondo CBS Pewosa Sacco etuuzizza ttabamiruka owa 3 – balonze abakulembeze abaggya,Luganda
Abakozi ba UNBS eby’amaguzi eby’ebicupuli ebikwatibwa babizza mu katale – Ssentebe wa UNBS alaajanidde parliament,Luganda
Eby’okuzza Richard Byarugaba mu NSSF bikyali mu lusuubo – olukiiko olufuzi lusalawo wiiki ejja,Luganda
Olukiiko olusunsula abakulembeze ba Kyadondo CBS Pewosa sacco lutongozeddwa,Luganda
Uganda Clays Ltd yakusasula ebbanja lya NSSF lya buwumbi bwa shs 20.6 mu myaka 5,Luganda
Arthur Blick agguddewo ekkolero lya Wine – abavubuka mu kitundu bafunye emirimu,Luganda
"Uganda ekwata ekifo kya kubiri mu kulima Vanilla mu  Africa – kilo etuuse ku shs emitwalo 40,000",Luganda
Kassanda district teganyuddwa mu zzaabu asimibwayo – abakulembeze balaajanye,Luganda
Katwe Cbs fans Club egguddewo ekizimbe ky’obusuubuzi -CBS @27,Luganda
URA esazeewo kukozesa Drone okulondoola abakukusa ebyamaguzi,Luganda
CBS PEWOSA SACCO etuuzizza ttabamiruka w’omulundi ogwo 3 – ba memba beyongedde,Luganda
Embalirira y’omwaka gw’ebyensimbi 2023/2024 ewa essuubi singa ensimbi tezibbibwa – CSBAG,Luganda
Omusolo gw’ebizimbe gutabudde abakulira Makindye Ssaabagabo – baddukidde mu kooti,Luganda
Abasuubuzi bannauganda abaali bakolera e SouthSudan bawadde government nsalesale ebasasule,Luganda
Government efulumizza olukalala lw’abantu abagenda okuddukanya obutale bwa Kampala,Luganda
Katikkiro Mayiga atongozza  ebbanguliro ly’abavubuka- Greater Masaka presidential Industrial Hub,Luganda
Abasuubuzi abakolera ku nguudo za Jinja City – bakedde mu ddukadduka,Luganda
Government egenda kusala omusolo gwa Data,Luganda
Lubaga division ereeta tteeka ku bantu abatunda ebintu ebikadde,Luganda
Ministry ya Energy etandise okunoonyereza ku bungi bwa kasasiro ali mu bibuga okukolamu amasannyalaze,Luganda
Kooti esalawo leero ku byókutongoza obusuubuzi bw’amayirungi mu Uganda,Luganda
Parliament eyisizza omusolo omupya ku mikutu gyókumutimbagano ne ku pampa,Luganda
Okusima omukutu ogutambuza amafuta kutandika ku nkomerero y’omwaka,Luganda
K2 telecom efunye boodi empya,Luganda
Abanaaganyulwa mu mudumu gw’amafuta balina kusooka kwewandiisa,Luganda
Police eyimirizza olukungaana lw’abasuubuzi mu Kampala,Luganda
Ebbeeyi y’omuceere eyongedde okupaaluuka,Luganda
Omwoleso gwa CBS PEWOSA Nsindikanjake 2023 gukomekkerezeddwa,Luganda
Akalulu akasembayo akaggalawo omwoleso gwa CBS Pewosa Nsindikanjake,Luganda
Cbs Pewosa Nsindikanjake trade fair 2023 etandise,Luganda
Abatambuza ente ekiro bawereddwa,Luganda
Kenya eggyewo ekkoligo lyeyali yassa ku mata g’amawanga ga East Africa.,Luganda
Emmwanyi zizeemu okutinta,Luganda
Ebbeeyi y’ensimbi,Luganda
Amata ga Uganda gegamu ku gayimiriziddwa okutundibwa mu Kenya,Luganda
Government ekendeezezza obukwakkulizo ku sente z’emyooga,Luganda
MV Kalangala eremereddwa – abasuubuzi bakonkomadde,Luganda
Ababba ebyennyanja mu nnyanja beyongedde – abavubi balaajana,Luganda
Abalimi ba Pamba e Mawokota beyongedde okubangulwa,Luganda
"Ebiwandiiko bya Sacco 1,050 bigobeddwa",Luganda
Abafumba akaloddo n’abokya amanda bebamazeewo emiti – abatuuze balaajanye,Luganda
Abacupula oil w’emmotoka beyongedde – police ebangudde basajja baayo,Luganda
Ekibuga Kampala: Wuuno Mugisha Peter atunda bibala abifunyeemu,Luganda
NSSF eyongedde okuwa abakozi essuubi,Luganda
Ebbeeyi y’ensimbi nga bweyimiridde,Luganda
Okuzimba omudumu gw’amafuta kutandika mwaka guno,Luganda
Ebibanda by’ensimbi bisiddwako omusingo omuggya,Luganda
"Kampuni 1,810 zezisonyiyiddwa omusolo",Luganda
Abalimi ba vanilla batandise amakungula agasoose mu mwaka,Luganda
Ebbeeyi y’amafuta esuubirwa okukendeera n’ebitundu 30%,Luganda
CBS Nsonga fans club bongedde amaanyi mu kulima n’okwongera omutindo ku muwogo,Luganda
President Museven alambuludde ku bya Enrica Pinneti  – talina bukugu mu by’emmwanyi yeyamusikiriza aziyingiremu,Luganda
Enkola ya parish development model – abakulembeze abatuuka wansi mu bantu tebagitegeera,Luganda
Munnansi wa Yemen akwatiddwa n’amasanga g’enkula ng’afuluma Uganda,Luganda
Ekkanisa ya Uganda eweereddwa ente okwekulakulanya – ziweze 119,Luganda
President Museven akkirizza okukola ennongosereza mu ndagaano y’emmwanyi eyakolebwa ne kampuni ya Vinci,Luganda
Parliament eragidde government esazeemu endagaano y’emmwanyi gyeyakola ne kampuni ya Vinci – ensimbi eziwe abasuubuzi bannansi bongere omutindo ku mmwanyi,Luganda
Uganda airlines ekendeezezza e𝝶𝝶endo zé Dubai,Luganda
Endagaano y’emmwanyi eyongedde okutuuza ababaka ba parliament obufoofofo,Luganda
Abakinjaaji balinnyisizza ebbeeyi y’ennyama buli kilo bajongeddemu shs 3000.,Luganda
Abasuubuzi b’ennuuni bawadde government nsalesale ku ky’okuwa abagwira licence nebalemesa bannauganda,Luganda
Omwoleso gwa CBS Pewosa aboolesezza n’abalambuzi baganyuddwa,Luganda
Minister yegaanye eby’okusosola bannauganda abatunda ennuuni z’empuuta,Luganda
Abalambudde omwoleso gwa CBS Pewosa batenderezza omutindo gw’ebyoleseddwa,Luganda
Owek.Waggwa Nsibirwa awadde abantu amagezi bettanire emyoleso bayigire ku balala byebakola bekulakulanye,Luganda
Agambibwa okubulwako eby’amaguzi  bye ayagala president Museven ayingire mu nsonga ze,Luganda
ABATUNDA EBIRIME EBWERU W’EGGWANGA BATEEREDDWAKO OBUKWAKKULIZO,Luganda
SSABASAJJA KABAKA ASIIMBUDDE EMISINDE GY’AMAZAALIBWA GE 2021,Luganda
NAFFE TUGENDA KUBAWANGA ENSEENENE-UGANDA AIRLINES.,Luganda
TEMWEKWASA SITAANI KUSAASAANYA MUKENENYA-KATIKKIRO.,Luganda
ABADDUKANYA EMIKUTU GY’AMAWULIRE BALAAJANIDDE GAVUMENTI.,Luganda
"ABALWADDE KU MALWALIRO GA GAVUMENTI BAKYASOBEDDWA, NGÁBASAWO BATANDISE OKWEDIIMA.",Luganda
"Ssabasajja agguddewo ekikopo ky’amasaza 2021, bannantameggwa ba 2020 bameggeddwa.",Luganda
Museven alabudde aba ADF sibakuttirwa kuliiso.,Luganda
Naffe twenywezezza-Kenya,Luganda
Kampala Capital City Authority kyongedde okulabula abakulembeze mu butale mu Kampala okuviira ddala ku by’okusolooza ku basubuuzi empooza.,Luganda
Banna Kabula batandise namaanyi enteekateeka z’emisinde gya Kabaka egy’omwaka guno.,Luganda
Five Supreme Court Justices have unanimously dismissed an application by Bank of Uganda to amend its appeal in which it challenges a ruling by the appellant court in favor of former owner of Crane Bank and Meera Investments ltd ,Luganda
Oil palm project launched in Buvuma,Luganda
We have decided to support Museveni because we need to secure our place– Arua Park traders,Luganda
"Ebitongole ebikuuma Ddembe biweze mbagirawo okugula nokutambuza amafuta mu budomolera nobucupa nga kino ,police egambye nti kikoleddwa okwewala embeera eyaliwo ngennaku zomwezi 18 ne 19 omwezi guno, abeeekalakaasi bwebaakuma omuliro mu makubo nebikolwa ebirala ebyaaviramu abantu 54 okuffa werutukudde olwaleero.",Luganda
Obwakabaka buvuddeyo ku mbeera y’obunkenke eri mu ggwanga.Katikkiro Mayiga: Okomye okutta abantu olwa sennyiga Corona,Luganda
Gavument etangaziza nti enguudo Uganda zegenda okusaasaanyako ensimbi okuzimba mu ggwanga lya DR Congo egenda kuzisaamu ensimbi eziweze ebitundu 20% ku muwendo gwensimbi ezigenda okukola project yonna eyokukola enguudo zino.,Luganda
"Olukiiko olufuzi olwekitongole kya KCCA olumanyiddwanga KCCA executive committee, lweralikirivu olwembalirira yekitongole kino eyomwaka gwebyensimbi 2021/2022 eyasaliddwa, abakulu ku lukiiko luno kyebagambye nti kyandiremesa emirimu mu kitongole kino okutambula.",Luganda
Government has finally unveiled the Uganda Security Printing Company (USPC) as the new company that will start issuing driving permits in Uganda,Luganda
MTN Uganda launches training program to support SMEs withstand the Covid19 Economic shocks,Luganda
MTN introduces Mobile Money transactions on the Ayoba mobile app.,Luganda
TECNO Mobile launches the Camon 16 series with free data from MTN Uganda.,Luganda
Abasuubuzi b’ente n’abakinjaaji mu lufula ya City Abattoir ku luguudo lwa portbell bekumyemu ogutaaka…,Luganda
Principal Judge Zaija steps in as UGX. 120 payment to Ham,Luganda
Forbes names Uganda as one of the safest places .,Luganda
Ministry ye Kampala eyimirizza enteekateeka zo kuteekawo stage za boda boda wamu nokukyusa ebyentambula zo lukale mu Kampala okutuusa omwaka ogujja.,Luganda
Obunkenke buzeemu mu bakulembeze b’abasubuzi mu kampala.,Luganda
The Ministry of Education will start inspection of schools across the country today.,Luganda
Travellers flock Entebbe Airport .,Luganda
Entebbe Airport returns to business,Luganda
MV Kalangala resumes operations.,Luganda
NSSF declares a 10.75% interest.,Luganda
"Entebbe Airport, borders to reopen on October 1",Luganda
President Yoweri Museveni is in Tanzania to sign an implementation agreement for the East Africa Crude Oil Pipeline (EACOP) project.,Luganda
"Uganda, TOTAL Agree on Pipeline Project.",Luganda
Obwakabaka bwa Buganda buwaddeyo ebirabo eri ebitongole byabwo ebyasiinga okukola obulungi emirimu mu 2025 – CBS eweereddwa ekirabo ekisukkulumye,Luganda
Basajjamivule John ye Muzira mu Bazira w’Entanda ya Buganda 2025 – Ssaabasajja Kabaka amukwasizza ekyapa ky’ettaka mu Nkuuka Bwaguuga,Luganda
"Amasaza agalina abazira b’Entanda ya Buganda gesuunga kutwala Muzira mu bazira wa 2025 – abaami ba Kabaka bakunze abantu babwe okujja mu Nkuuka Bwaguuga nga 31 December,babawagire",Luganda
Enkuuka Bwaguuga 2025 – ebitongole by’okwerinda ebikwatibwako bitudde mu Lubiri e Mengo okuttaanya ebyokerinda bwebinabeera nga 31 December,Luganda
Omukozi wa CBS George William Kakooza agattiddwa mu bufumbo obutukuvu ne Mary Winfred Nakyejwe,Luganda
"Abazira 2 bebasoose okuyitawo okwesogga Olubiri mu Nkuuka – omunaalangirirwa Omuzira mu bazira wa 2025, nga 31 December",Luganda
"Nga 31 December, 2025  – amasanyu gali mu Lubiri e Mengo mu Enkuuka Bwaguuga",Luganda
Dr.Sam Kazibwe omuweereza ku CBS agattiddwa mu bufumbo obutukuvu n’omukyala Sonia Babirye,Luganda
Ekigwo Kasooto tosaanye kukisubwa mu Nkuuka bwaguuga 2025 nga 31 December mu Lubiri e Mengo,Luganda
Enkuuka Bwaguuga 2025 – mulimu okuwangula ebirabo bwaguuga,Luganda
Enkuuka Bwaguuga 2025 etongozeddwa ku Masengere – buli ekitegekeddwa Bwaguuga,Luganda
Enkuuka y’omwaka 2025 nga 31 December mu Lubiri e Mengo – okuyingira mutwalo,Luganda
Entanda ya Buganda etuuse ku mutendera ogwokusatu – eweerezebwa butereevu ku 88.8 CBS,Luganda
Entanda ya Buganda 2025 etongozeddwa ku kitebe kya MTN Uganda – yeyamye okwongera okukwasizaako CBS okutumbula olulimi n’Obuwangwa,Luganda
Entanda ya Buganda 2025 egenda kutongozebwa era eweerezebwe butereevu ng’esinziira ku MTN nga 18 November,Luganda
"Enkuuka Bwaguuga mu Lubiri e Mengo nga 31 December,2025",Luganda
Kooti egobye omusango ogwawabwayo eyali omukozi wa CBS Yusufu Baliruno,Luganda
Ekiwandiiko ekitongole ku mbeera ya Meddie Nsereko Ssebuliba omuweereza wa ppulogulaamu Kkiriza oba Ggaana ku 89.2,Luganda
Entanda ya Buganda 2025 ku 88.8 : Tuwe amannya ga Kabaka wa Buganda eyakisa omukono mu 1939,Luganda
Abawanguzi ba Bbingwa wa Mabbingwa 2025 bakwasiddwa ebirabo byabwe n’ensimbi enkalu ku CBS,Luganda
"Kagolo Mayanja eyali omukozi wa CBS aziikiddwa e Kkonko Buikwe mu Kyaggwe nga 21 October,2025",Luganda
Abawuliriza ba CBS 2 bawangudde obukadde bwa shs obusoba mu 12 – mu Sabula Bbingo,Luganda
Busuulwa Joseph ye Muzira mu Bazira w’Entanda Diaspora 2025,Luganda
Katikkiro Mayiga atongozza enteekateeka y’okulwanyisa obubenje ku makubo eya “Labuka Tofiira Ku kkubo” – ku Kaliisoliiso Dinner 2025,Luganda
Kaliisoliiso dinner 2025 – MTN ne Centenary bank baleese ettu ezzito okuduukirira omulimu gw’okuzimba awajjanjabirwa abagudde ku bubenje ku Nkozi Hospital,Luganda
Kaliisoliiso Dinner ku Hotel Africana lwa leero – okusonda ensimbi ez’okuzimba ekifo awajjanjabibwa abagudde ku bubenje ku Nkozi Hospital,Luganda
Kaliisoliiso Dinner 2025 ku Friday eno 03 October ku hotel Africana – Jangu onyumirwe nga bwowagira omulimu gw’okuziimba ekifo awatuukira abagudde ku bubenje ku ddwaliro e Nkozi,Luganda
Sabula Bbingo ku CBS Owangule – nnyiga *238*5#,Luganda
"Entanda ya Buganda Diaspora 2025 etandika olwa leero nga 15 September, ku 88.8 CBS FM",Luganda
Kaliisoliiso Dinner 2025 nga 3rd October – okusonda ensimbi ez’okuzimba ekifo awajjanjabibwa abagudde ku bubenje mu ddwaliro e Nkozi,Luganda
CBS etandise okusunsula abanaavuganya mu Ntanda ya Buganda 2025 – abakyala beyongeddeko obungi,Luganda
Uganda ekoze byafaayo mu CHAN 2024 – egudde maliri ne SouthAfrica 3 – 3,Luganda
Kitalo ekya Rafayiriina Nakabuubi  – yaweerezanga ppulogulaamu Ebirowoozo by’abawuliriza,Luganda
Fayinolo za Bbingwa 2025 e Masaka kubadde kunyumirwa na kuwangula birabo – Mujabi Abdul ye Bbingwa w’ebyemizannyo 2025,Luganda
Fayinolo za Bbingwa 2025 ziri Masaka ku Saturday nga 09 August,Luganda
Ssekandi Isaac asitukidde mu Bbingwa Toto owa 2025 – abadde aweerezebwa ku CBS Emmanduso,Luganda
"Kawooya Steven ne Ssekaggo Anorld besozze fayinolo za Bbingwa 2025 – zigenda kubeera mu Buddu nga 09 August,2025",Luganda
Weereza ku MTN Momo 721827 oba Centenary bank account – okudduukirira omulimu gw’okuzimba ekifo awajjanjabirwa abagudde ku bubenje mu ddwaliro e Nkozi,Luganda
Bbingwa 2025 atuuse ku mutendera ogwokubiri – ku CBS Emmanduso ku ssaawa nnya ez’ekiro,Luganda
"Kaliisoliiso Dinner Concert 2025 etongozeddwa – yakubaawo nga 03 October,2025",Luganda
Bbingwa Toto 2025 – basatu bayiseewo okweyongerayo mu luzannya oluddako,Luganda
Omumbejja Ritah Nakamaanya akwasiddwa emmotokaye gyeyawangula mu Ssabula Bbingo – CBS bweyali ejaguza emyaka 29  ng’eweereza,Luganda
CBS efunye engule okuva mu NEMA – lwa kulwanirira butonde bwansi,Luganda
Walusimbi Godfrey eyaliko omuzannyi wa Uganda Cranes ye mugenyi ow’enjawulo mu Bbingwa ku CBS Emmanduso,Luganda
"Bbingwa 2025 atandika lwa leero nga 07 July,  ku Radio Emmanduso 89.2",Luganda
Bannabyamizannyo 60 abaneetaba mu mpaka za CBS Bbingwa 2025 basunsuddwa,Luganda
Emmotoka ya Ssabula Bbingo nga CBS ejaguza emyaka 29 – ewanguddwa Ritah Nakamaanya,Luganda
Omulangira Jimmy Ssekabiito munnamawulire wa CBS avudde mu bulamu bw’ensi,Luganda
Bannalulungi b’eby’obulambuzi bakyaddeko ku CBS,Luganda
Ann Ssebunnya mu ppulogulamu Ssanyuka Vibes ku 88.8 CBS Fm – 6pm – 8pm,Luganda
Mukeeze Express zuukukira ku  CBS Emmanduso 89.2 –  Dr.Kwefu ne Lady Titie,Luganda
CBS@29 – Abakozi ba CBS abakyasiinze okuweereza emyaka emingi mu CBS baweereddwa amayinja ag’omuwendo okubasiima,Luganda
Ppulogulamu za CBS Emmanduso nga bwezikyusiddwa,Luganda
Urban Zone programe empya ku CBS Emmanduso 89.2,Luganda
Ebijaguzo bya CBS FM ng’ejaguza emyaka 29,Luganda
Omuteesiteesi omukulu mu by’ensimbi Ramathan Ggoobi awadde bannauganda bettanire eby’obulimi n’obulambuzi – benogere ku nsimbi ezaayisiddwa mu mbalirira y’eggwanga 2025/2026,Luganda
Mu ppuloggulaamu Kkiriza oba Ggaana ku 89.2 – Omuteesiteesi omukulu Ramathan Ggoobi wakunnyonyola embalirira y’eggwanga 2025/2026 kyetegeeza eri ekitundu kyo,Luganda
Mu mwoleso gwa CBS Pewosa Nsindikanjake – abavubuka baweereddwa enkizo okusomesebwa ku nkozesa y’ettaka n’obwegassi,Luganda
Mugoberere amateeka nga mukola emirimu gyammwe – ssenkulu wa CBS awabudde Sacco za CBS,Luganda
Cbs@29 – Cbs edduukiridde amaka ga bakateeyamba e Nalukolongo,Luganda
Cbs@29 – abakozi ba CBS bakoze bulungi bwansi mu katale k’e Kibuye,Luganda
"Omwoleso gwa CBS pewosa Trade Fair – gusigaddeko ennaku 5 gutuuke okuva nga 17 – 22 June,2025",Luganda
Cbs ekwagaliza Olunaku lw’abazira ba Uganda lubeere lwakwefumiitiriza gyoli!,Luganda
Abakozi ba CBS bakutusaako butereevu emikolo gy’okukuza olunaku lw’abajulizi abatukirivu e Namugongo 2025,Luganda
Kkiriza oba Gaana buli  Friday esooka n’esemba mu mwezi,Luganda
CBS@ 29 – ekutusaako omwoleso okuva nga 17 – 22 June ku mazaalibwa gaayo,Luganda
Abakozi ba CBS  bakyalidde Nnaalinnya Dorothy Nassolo ku lunaku lw’amazaalibwage,Luganda
CBS ewangudde empaka z’omupiira eza Uganda Journalists Association 2025,Luganda
Katikkiro Mayiga atongozza Bboodi empya eya CBS Radio,Luganda
CBS @29 – ekwagaliza okukola okujjudde amakungula!,Luganda
"CBS @29 Pewosa Trade Fair  okuva nga 17 – 22 June,2025",Luganda
CBS FM efunye ssentebe wa Bboodi omuggya,Luganda
Obwakabaka bwa Buganda busiimye bboodi ekulira Radio CBS –  olw’okugikuumira ku ntikko n’okutuukiriza ebigendererwa ebyajitaandisaawo,Luganda
CBS ekwasizza abawuliriza baayo bannamukisa 2 obukadde bwa shs 14 –  mu kazannyo Ssabula Bingo,Luganda
Abakozi ba CBS balambudde abalimi n’abalunzi e Lwengo babeeko byebabayigirako,Luganda
Wangaala Ayi Ssaabasajja – Wenda Wenda Omuteregga!,Luganda
Ssenkulu wa KCCA omuggya Hajjati Buzeki akyaddeko mu CBS,Luganda
Sabula Bbingo ku CBS emisana n’ekiro,Luganda
Entanda ya Buganda 2024 – Abamegganyi bonna bakwasiddwa ebirabo byabwe,Luganda
Mu bifaananyi – abakungu b’Obusiinga Rwenzururu  bakyaddeko ku CBS,Luganda
Abakyala abasomye amawulire ku Cbs 88.8 n’Emmanduso 89.2 ku lunaku lw’abakyala – bakulembeddwamu Ssaabaminisita Robinah Nabbanja,Luganda
Cbs FM esse omukago ne DFCU bank okukolera awamu okutuumbula obuweereza obwenjawulo,Luganda
Abawuliriza ba CBS FM baweereddwa ebirabo okuva mu NEMA- bakubiriziddwa okubunyisa enjiri y’okukuuma Obutonde bw’ensi,Luganda
Okukuza olunaku lwa Radio munsi yonna – Ndejje University ewadde CBS FM engule n’abaweereza  baayo,Luganda
CBS My Valentine 2025 – wetabe mu kazannyo ng’owaana omwagalwawo,Luganda
Abawuliriza ba CBS balambudde obugwanjuba bwa Uganda – basiimye Ssaabasajja Kabaka olw’enkulaakulana zabatuusizaako,Luganda
Nyiga *238*5# Owangule School fees mu Sabula Bbingo – mu pulogulamu ya Township Tunes ku 89.2 Emmanduso,Luganda
Abawuliriza ba CBS bakwasiddwa ebirabo byebaawangula mu pulogulamu Kalasa Mayanzi,Luganda
Mu bifaananyi : Akabaga k’abakozi ba CBS ak’okumalako omwaka 2024,Luganda
"Sabula Bbingo ku CBS ng’owangula School fees emitwalo 500,000/=",Luganda
Omukyala Jane Mukisa akwasiddwa pikipiki gyeyewangulidde mu Nkuuka Masavu 2024,Luganda
Ggakuweebwa Munno ku cbs 88.8 – Owek.Kakomo annyonyodde enteekateeka za ministry y’ebyobulimi mu mwaka omuggya 2025,Luganda
Kizito John Lukoma ye Muzira Mubazira wa 2024,Luganda
Nanteza Grace ne Kizito John Lukoma bebagenze ku luzannya olw’akamalirizo olw’Entanda ya Buganda – Enkuuka Masavu 2024,Luganda
Police ekkirizA Enkuuka okukuba ebiriroliro ebimalako omwaka,Luganda
Enkuuka Masavu 2024 ebulako ssaawa busaawa,Luganda
Ennaku esigadde 6 okutuuka ku Nkuuka Masavu 2024,Luganda
CBS yesinze okukola obulungi mu bitongole bya Buganda byonna mu 2024 – eweereddwa engabo,Luganda
Jjingo Godfrey Ssuubi asinze bakozi banne ku Cbs mu buweereza bw’omwaka 2024,Luganda
Baabano abazira b’Entanda ya Buganda 2024 – abagenda okubbinkana mu Nkuuka Masavu,Luganda
Entanda ya Buganda ekyusizza embeera z’abantu okuva mu 2003,Luganda
Malako 2024 oyingire 2025 mu Enkuuka Masavu –  mu Lubiri e Mengo,Luganda
Abby Mukiibi aweereddwa engule ya URA – ng’omukozi wa radio asiinze okusomesa ku nsonga z’emisolo,Luganda
Obukadde bwa shs 206 bukwasiddwa eddwaliro ly’e Nkozi – nga zezaava mu Kaliisoliiso dinner 2024,Luganda
Mbaziira Tonny Omuweereza asinga okunyumisa program – Hi Skool awards 2024,Luganda
Aba Kaliisoliiso baalaze eryanyi mu muzannyo gw’okusika omuguwa,Luganda
"Enkuuka Masavu nga 31 December,2024 mu Lubiri e Mengo",Luganda
Abayizi ba King’s Choice junior School  essomero ly’Omuzira mu bazira –  boolesezza ebitone,Luganda
Mu ppulogulamu Kkiriza oba Gaana ku 89.2 – Meddie Nsereko Ssebuliba akyazizza ababaka Ssemujju Nganda ne James Kakooza,Luganda
Mu ppulogulamu Gakuweebwa Munno ku 88.8 : Henry Mpiinga Ssempijja akyazizza ab’ekitongole kya FIDA Uganda,Luganda
Ssenkulu wa CBS asisinkanye abayizi abavudde e Norway – bazze kulambula emirimu egikolebwa CBS Pewosa,Luganda
Omulangira David Lumansi ku 88.8 mu programme Eriiso ly’Eby’emizannyo,Luganda
Wale Wale mu Evenning Cruz ku 89.2 ne munnamateeka Arthur Isiko okuva mu Uganda Law society,Luganda
Akifeeza Grace Ngabirano awangudde akalulu k’e Kisoro,Luganda
FDC Katonga emalirizza okubaga ssemateeka gwebanaagoberera,Luganda
Ministry y’ebyenguudo efulumizza enteekateeka y’okuggyawo ekitongole kya UNRA – abakibanja ebyapa by’ettaka beraliikirivu,Luganda
Obutali bwenkanya mu ngabanya y’ensimbi eziweebwa districts ezirimu abantu abangi buzingamya emirimu – Wakiso yesiinga okukosebwa,Luganda
Enguumi enyoose mu parliament ya Uganda – omubaka Francis Zaake bamutwalidde mu kagaali,Luganda
Kiwanda Ssuubi alondeddwa nga ssentebe wa National Consultative Forum omuggya – asikidde Dr.Ruhakana Rugunda,Luganda
Ababaka ba NRM bakalambidde ku ky’okuggyawo ekitongole ki UCDA,Luganda
President Museveni alabudde abakozi ba government abawummula amangu – sibakuweebwa kasiimo n’ensako yabwe,Luganda
Ababaka ba parliament ya Uganda bakubye akalulu ku by’okuggyawo ekitongole ky’emmwanyi – ki Coffee Development Authority,Luganda
Electoral Commission of Uganda erondeddwa okwegatta ku lukiiko lw’ensi yonna,Luganda
DP eyagala government esseewo akakiiko aketengeredde kanoonyereze ku nsonga zonna ezikwata ku Kiteezi,Luganda
Government ya Uganda yegaanye eby’endagaano y’okubudamya abanoonyi b’obubudamu abaagobeddwa e Netherlands,Luganda
Government ya Uganda ebaze ebbago ly’etteeka mwenaayita okusasula abaali abakozi b’omukago gwa East Africa – oluvannyuma lw’emyaka 47,Luganda
Omubaka Mpuuga Nsamba awaandiikidde sipiika wa parliament ku by’okukola ennoongosereza mu mateeka g’eby’okulonda,Luganda
"FDC, ANT ne UPC byanjulidde parliament ebirowoozo byabyo – ku bbago ly’etteeka ly’okulonda akulira oludda oluvuganya mu parliament",Luganda
Muggye abasirikale mu by’obufuzi by’eggwanga mutaase Uganda – Mugisha Muntu,Luganda
President Museveni alagidde abavubuka balondoole project za Government – betabe mu kulwanyisa enguzi,Luganda
America etadde envumbo ku basirikale ba police ya Uganda abalala 4 – saako ab’oluganda lwabwe,Luganda
Ebbago ly’omubaka Lumu ery’okulonda akulira oludda oluvuganya government mu parliament –  lyanjuddwa omulundi ogusooka,Luganda
Commissioner wa parliament Mathias Mpuuga ayanjudde ennoongosereza 7 zayagala zikolebwe mu ssemateeka w’eggwanga ng’okulonda kwa 2026 tekunatuuka,Luganda
Ebya FDC Katonga okuwandiisa ekibiina ekiggya bikyali mu lusuubo,Luganda
eⴄⴄuumi n’ensambaggere bimyose ku City Hall – ba kansala bakubaganye lwa kasasiro,Luganda
Ab’oludda oluvuganya government baweddemu essuubi ku nnoongosereza ezetaagibwa okukolebwa mu mateeka agafuga eby’okulonda,Luganda
FDC erangiridde entegeka z’okufulumya olukalala lw’abantu abagenda okuweebwa kaadi okuvuganya mu kalulu ka 2026,Luganda
FDC ye Najjanankumbi eriwo mu butuufu – Uganda Electoral Commission,Luganda
Akakiiko k’eby’okulonda kagobye okusaba kwa FDC ey’e Katonga ey’okutondawo ekibiina ki PFF,Luganda
Okusabira abadde minister w’ebyokwerinda Sarah Mateke – sipiika Among yekokkodde akalippagano k’ebidduka akasusse ku nguudo,Luganda
Okunoonyereza ku babaka ba Uganda abaagobwa mu mawanga gyebaasindikibwa kuwedde – ensonga zabwe zijulidde wa president Museven,Luganda
Abawaabi ba government  ne bambega abasoba mu 600 bagenda mu kafubo okwetegekera akalulu ka 2026 – abateeka eggwanga ku bunkenke balabuddwa,Luganda
Omubaka Lumu ayongedde okulambika ebirina okuteekebwa mu tteeka erikwata ku kulonda akulira oludda oluvuganya mu parliament,Luganda
Ebisuubizo government byezze ewa abantu b’obukiika kkono bitabudde president Museveni – naye abasuubizza okutuuza olukiiko basalire wamu amagezi,Luganda
Ennoongosereza mu bukulembeze bwa parliament ya Uganda – ababaka bagala beronderenga akulira aludda oluvuganya government,Luganda
FDC Katonga eyanjudde ekibiina ekiggya – Peoples’ Front for Freedom akabonero ssimu,Luganda
President wa JEEMA Basaalirwa agobye 2 ku bukulembeze bw’ekibiina – bemulugunya nti abagobye lwakumwesimbako,Luganda
FDC etongozza enkola y’okuwandiisa ba memba okuyita ku mutimbagano – yakumanya buli omu oludda lwaliko,Luganda
Omuliro gweyongeddde mu FDC – berayiridde ku bagala okusanyaawo ekibiina kyabwe,Luganda
BannaFDC e Katonga basazeewo FDC yonna esaanyizibwewo eve mu by’obufuzi bya Uganda – bagiwadde emyezi 6,Luganda
President Museveni akyusizza ba RDC n’abamyuka babwe,Luganda
Ttabamiruka wa FDC atudde ku Katonga road okulangirira ekiddako mu by’obufuzi bya Uganda,Luganda
Ebitongole by’eddembe ly’obuntu byagala police eweebwe ensimbi ezimala yetegekere akalulu ka 2026 – ereme kukozesebwa bannabyabufuzi,Luganda
Ababaka ba NRM bakusalawo eky’enkomeredde ku bitongole bya government ebirina okuggyibwawo – abalimi b’emmwanyi babalabudde UCDA mujiveeko,Luganda
BannaFDC 36 abaakwatibwa e Kenya bazziddwayo ku alimanda,Luganda
Kooti ewadde ensala ku kasiimo akaaweebwa ba Commissioner ba parliament aka shs 1.7b –  kaabaweebwa mu mateeka,Luganda
President Museveni alabudde abavubuka abazaala nga tebanneetuuka – agambye nti government erina essuubi mu ntegeka ya Nnaabagereka ey’obuntubulamu okulambika abavubuka,Luganda
Parliament ya Uganda eyingidde mu nsonga z’abayizi abakonkomalidde e Iran,Luganda
Kooti eragidde ababaka ba parliament abavunaanibwa ogw’obulyake n’obukenuzi – bazzibweyo ku alimanda,Luganda
Ssentebe w’ekyalo mu district ye Mpigi agobye abakulembe b’akakiiko kakulira – abalanga kujingirira mukono gwe n’okumubbako stamp,Luganda
Abawagizi ba FDC 36 abaakwatibwa e Kenya – bagguddwako gwa butujju,Luganda
IPOD ebaze ennoongosereza ezeetagisa mu by’okulonda bya Uganda – bagala akakiiko k’ebyokulonda kaweebwe police eyetongodde,Luganda
Burora  Anderson eyali omubaka wa president e Lubaga ayiimbuddwa ku kakalu ka kooti,Luganda
Ababaka ba NUP bayimbuddwa ku kakalu ka kooti,Luganda
Omumyuka wa Sipiika Tayebwa anenyezza government olw’okutuulira alipoota ezikolebwa parliament – ekigireetedde okugivumaganya,Luganda
President Museven azzeemu okulabula abantu bonna abali mu ntobazzi bazaamuke bunnambiro – era government siyakubaliyirira,Luganda
Ababaka ba parliament ab’omukago gwa G20 batandise okugwabulira – enkaayana zisusse,Luganda
NUP egguddewo wofiisi e Bundibugyo – enkungaana endala police ezirinnyeemu eggere,Luganda
Ba ssentebe b’ebyalo bagala government eyongeze ku nsimbi zebasasula omutwalo buli mwezi mutono – abe Bussi ezaabwe tebazirabako,Luganda
Commissioner Mathias Mpuuga attukiza kaweefube w’okukola ennoongoosereza mu ssemateeka wa Uganda,Luganda
Akakiiko k’eby’okulonda kakoze enkyukakyuka mu nteekateeka y’akalulu ka bonna aka 2026,Luganda
